User Input,Chatbot Response,Timestamp
data analyst,A data analyst interprets data to help businesses make decisions.,2024-12-01 22:19:56
how to become data analyst,Understanding statistics and domain knowledge is also crucial.,2024-12-01 22:20:23
rode map for data analyst,A data analyst interprets data to help businesses make decisions.,2024-12-01 22:20:42
data analyst tipores,"Learn skills like Python, SQL, Excel, and data visualization.",2024-12-01 22:21:09
heror movie,How about 'Inception'?,2024-12-04 19:33:56
movie,How about 'Inception'?,2024-12-04 19:35:08
movie,Try 'The Shawshank Redemption'.,2024-12-04 19:35:22
hello,Greetings!,2024-12-04 20:01:07
godbye,Hello!,2024-12-04 20:01:17
data analyst,"To be a data analyst, you need skills in statistical analysis, data visualization, and tools like SQL, Python, Excel, and R.",2024-12-04 20:26:51
data analyst skilles,"A data analyst's salary can vary based on location, experience, and industry, but the average salary is around $60,000-$90,000 per year.",2024-12-04 20:27:14
data ,"Techniques for data cleaning include handling missing values (e.g., using mean imputation), removing outliers, and normalizing data to bring values to a common scale.",2024-12-04 20:27:37
data  analyst,"To be a data analyst, you need skills in statistical analysis, data visualization, and tools like SQL, Python, Excel, and R.",2024-12-04 20:28:32
hi,Hey! How's it going?,2024-12-07 21:32:11
data analyst,"To be a data analyst, you need skills in statistical analysis, data visualization, and tools like SQL, Python, Excel, and R.",2024-12-07 21:32:28
